{"cameraMode":{"drawMode":0,"name":"Shaded","section":"Shading Mode"},"sceneLighting":true,"audioPlay":false,"sceneViewState":{"m_AlwaysRefresh":false,"showFog":true,"showSkybox":true,"showFlares":true,"showImageEffects":true,"showParticleSystems":true,"showVisualEffectGraphs":true,"m_FxEnabled":false},"in2DMode":false,"pivot":{"x":6.044098854064941,"y":-0.7370554208755493,"z":0.9966030120849609},"rotation":{"x":0.0026734601706266405,"y":0.11136642843484879,"z":0.0002995164832100272,"w":-0.9937787652015686},"size":14.196005821228028,"orthographic":false}