{"cameraMode":{"drawMode":0,"name":"Shaded","section":"Shading Mode"},"sceneLighting":true,"audioPlay":false,"sceneViewState":{"m_AlwaysRefresh":false,"showFog":true,"showSkybox":true,"showFlares":true,"showImageEffects":true,"showParticleSystems":true,"showVisualEffectGraphs":true,"m_FxEnabled":false},"in2DMode":false,"pivot":{"x":-13.70985221862793,"y":16.482723236083986,"z":152.3652801513672},"rotation":{"x":0.0685453787446022,"y":0.05145354941487312,"z":0.0035410765558481218,"w":-0.9963232278823853},"size":89.51730346679688,"orthographic":false}