{"cameraMode":{"drawMode":0,"name":"Shaded","section":"Shading Mode"},"sceneLighting":true,"audioPlay":false,"sceneViewState":{"m_AlwaysRefresh":false,"showFog":true,"showSkybox":true,"showFlares":true,"showImageEffects":true,"showParticleSystems":true,"showVisualEffectGraphs":true,"m_FxEnabled":false},"in2DMode":false,"pivot":{"x":2.122648239135742,"y":-0.277140736579895,"z":1.5364971160888672},"rotation":{"x":0.023642364889383317,"y":0.06204082816839218,"z":0.0014703393680974842,"w":-0.997795820236206},"size":16.10110092163086,"orthographic":false}